<?xml version="1.0" encoding="utf-8"?>
<extension type="component" version="3.1" method="upgrade">
	<name>com_banners</name>
	<author>Joomla! Project</author>
	<creationDate>April 2006</creationDate>
	<copyright>(C) 2005 - 2016 Open Source Matters. All rights reserved.</copyright>
	<license>GNU General Public License version 2 or later; see LICENSE.txt</license>
	<authorEmail>admin@joomla.org</authorEmail>
	<authorUrl>www.joomla.org</authorUrl>
	<version>3.0.0</version>
	<description>COM_BANNERS_XML_DESCRIPTION</description>

	<install> <!-- Runs on install -->
		<sql>
			<file driver="mysql" charset="utf8">sql/install.mysql.utf8.sql</file>
		</sql>
	</install>
	<uninstall> <!-- Runs on uninstall -->
		<sql>
			<file driver="mysql" charset="utf8">sql/uninstall.mysql.utf8.sql</file>
		</sql>
	</uninstall>

	<files folder="site">
		<filename>banners.php</filename>
		<filename>controller.php</filename>
		<filename>router.php</filename>
		<folder>helpers</folder>
		<folder>models</folder>
	</files>
	<administration>
		<menu img="class:banners">com_banners</menu>
		<submenu>
			<!--
				Note that all & must be escaped to &amp; for the file to be valid
				XML and be parsed by the installer
			-->
			<menu
				link="option=com_banners"
				view="banners"
				img="class:banners"
				alt="Banners/Banners"
				>
				com_banners_banners
			</menu>
			<menu
				link="option=com_categories&amp;extension=com_banners"
				view="categories"
				img="class:banners-cat"
				alt="Banners/Categories"
				>
				com_banners_categories
			</menu>
			<menu
				link="option=com_banners&amp;view=clients"
				view="clients"
				img="class:banners-clients"
				alt="Banners/Clients"
				>
				com_banners_clients
			</menu>
			<menu
				link="option=com_banners&amp;view=tracks"
				view="tracks"
				img="class:banners-tracks"
				alt="Banners/Tracks"
				>
				com_banners_tracks
			</menu>
		</submenu>
		<files folder="admin">
			<filename>access.xml</filename>
			<filename>banners.php</filename>
			<filename>config.xml</filename>
			<filename>controller.php</filename>
			<folder>controllers</folder>
			<folder>helpers</folder>
			<folder>models</folder>
			<folder>tables</folder>
			<folder>views</folder>
		</files>
		<languages folder="admin">
			<language tag="en-GB">language/en-GB.com_banners.ini</language>
			<language tag="en-GB">language/en-GB.com_banners.sys.ini</language>
		</languages>
	</administration>
</extension>
